{
  "format": "layers-model",
  "generatedBy": "keras v3.10.0",
  "convertedBy": "TensorFlow.js Converter v4.22.0",
  "modelTopology": {
    "keras_version": "3.10.0",
    "backend": "tensorflow",
    "model_config": {
      "class_name": "Sequential",
      "config": {
        "name": "sequential",
        "trainable": true,
        "dtype": {
          "module": "keras",
          "class_name": "DTypePolicy",
          "config": {
            "name": "float32"
          },
          "registered_name": null
        },
        "layers": [
          {
            "class_name": "InputLayer",
            "config": {
              "batch_shape": [
                null,
                80000,
                1
              ],
              "dtype": "float32",
              "sparse": false,
              "ragged": false,
              "name": "input_layer",
              "batchInputShape": [
                null,
                80000,
                1
              ]
            }
          },
          {
            "class_name": "Conv1D",
            "config": {
              "name": "conv1d",
              "trainable": true,
              "dtype": {
                "module": "keras",
                "class_name": "DTypePolicy",
                "config": {
                  "name": "float32"
                },
                "registered_name": null
              },
              "filters": 16,
              "kernel_size": [
                9
              ],
              "strides": [
                2
              ],
              "padding": "same",
              "data_format": "channels_last",
              "dilation_rate": [
                1
              ],
              "groups": 1,
              "activation": "relu",
              "use_bias": true,
              "kernel_initializer": {
                "module": "keras.initializers",
                "class_name": "GlorotUniform",
                "config": {
                  "seed": null
                },
                "registered_name": null
              },
              "bias_initializer": {
                "module": "keras.initializers",
                "class_name": "Zeros",
                "config": {},
                "registered_name": null
              },
              "kernel_regularizer": null,
              "bias_regularizer": null,
              "activity_regularizer": null,
              "kernel_constraint": null,
              "bias_constraint": null
            }
          },
          {
            "class_name": "MaxPooling1D",
            "config": {
              "name": "max_pooling1d",
              "trainable": true,
              "dtype": {
                "module": "keras",
                "class_name": "DTypePolicy",
                "config": {
                  "name": "float32"
                },
                "registered_name": null
              },
              "pool_size": [
                4
              ],
              "padding": "valid",
              "strides": [
                4
              ],
              "data_format": "channels_last"
            }
          },
          {
            "class_name": "Conv1D",
            "config": {
              "name": "conv1d_1",
              "trainable": true,
              "dtype": {
                "module": "keras",
                "class_name": "DTypePolicy",
                "config": {
                  "name": "float32"
                },
                "registered_name": null
              },
              "filters": 32,
              "kernel_size": [
                9
              ],
              "strides": [
                2
              ],
              "padding": "same",
              "data_format": "channels_last",
              "dilation_rate": [
                1
              ],
              "groups": 1,
              "activation": "relu",
              "use_bias": true,
              "kernel_initializer": {
                "module": "keras.initializers",
                "class_name": "GlorotUniform",
                "config": {
                  "seed": null
                },
                "registered_name": null
              },
              "bias_initializer": {
                "module": "keras.initializers",
                "class_name": "Zeros",
                "config": {},
                "registered_name": null
              },
              "kernel_regularizer": null,
              "bias_regularizer": null,
              "activity_regularizer": null,
              "kernel_constraint": null,
              "bias_constraint": null
            }
          },
          {
            "class_name": "MaxPooling1D",
            "config": {
              "name": "max_pooling1d_1",
              "trainable": true,
              "dtype": {
                "module": "keras",
                "class_name": "DTypePolicy",
                "config": {
                  "name": "float32"
                },
                "registered_name": null
              },
              "pool_size": [
                4
              ],
              "padding": "valid",
              "strides": [
                4
              ],
              "data_format": "channels_last"
            }
          },
          {
            "class_name": "Conv1D",
            "config": {
              "name": "conv1d_2",
              "trainable": true,
              "dtype": {
                "module": "keras",
                "class_name": "DTypePolicy",
                "config": {
                  "name": "float32"
                },
                "registered_name": null
              },
              "filters": 64,
              "kernel_size": [
                9
              ],
              "strides": [
                2
              ],
              "padding": "same",
              "data_format": "channels_last",
              "dilation_rate": [
                1
              ],
              "groups": 1,
              "activation": "relu",
              "use_bias": true,
              "kernel_initializer": {
                "module": "keras.initializers",
                "class_name": "GlorotUniform",
                "config": {
                  "seed": null
                },
                "registered_name": null
              },
              "bias_initializer": {
                "module": "keras.initializers",
                "class_name": "Zeros",
                "config": {},
                "registered_name": null
              },
              "kernel_regularizer": null,
              "bias_regularizer": null,
              "activity_regularizer": null,
              "kernel_constraint": null,
              "bias_constraint": null
            }
          },
          {
            "class_name": "GlobalAveragePooling1D",
            "config": {
              "name": "global_average_pooling1d",
              "trainable": true,
              "dtype": {
                "module": "keras",
                "class_name": "DTypePolicy",
                "config": {
                  "name": "float32"
                },
                "registered_name": null
              },
              "data_format": "channels_last",
              "keepdims": false
            }
          },
          {
            "class_name": "Dense",
            "config": {
              "name": "dense",
              "trainable": true,
              "dtype": {
                "module": "keras",
                "class_name": "DTypePolicy",
                "config": {
                  "name": "float32"
                },
                "registered_name": null
              },
              "units": 64,
              "activation": "relu",
              "use_bias": true,
              "kernel_initializer": {
                "module": "keras.initializers",
                "class_name": "GlorotUniform",
                "config": {
                  "seed": null
                },
                "registered_name": null
              },
              "bias_initializer": {
                "module": "keras.initializers",
                "class_name": "Zeros",
                "config": {},
                "registered_name": null
              },
              "kernel_regularizer": null,
              "bias_regularizer": null,
              "kernel_constraint": null,
              "bias_constraint": null
            }
          },
          {
            "class_name": "Dense",
            "config": {
              "name": "dense_1",
              "trainable": true,
              "dtype": {
                "module": "keras",
                "class_name": "DTypePolicy",
                "config": {
                  "name": "float32"
                },
                "registered_name": null
              },
              "units": 4,
              "activation": "softmax",
              "use_bias": true,
              "kernel_initializer": {
                "module": "keras.initializers",
                "class_name": "GlorotUniform",
                "config": {
                  "seed": null
                },
                "registered_name": null
              },
              "bias_initializer": {
                "module": "keras.initializers",
                "class_name": "Zeros",
                "config": {},
                "registered_name": null
              },
              "kernel_regularizer": null,
              "bias_regularizer": null,
              "kernel_constraint": null,
              "bias_constraint": null
            }
          }
        ],
        "build_input_shape": [
          null,
          80000,
          1
        ]
      }
    },
    "training_config": {
      "loss": "categorical_crossentropy",
      "loss_weights": null,
      "metrics": [
        "accuracy"
      ],
      "weighted_metrics": null,
      "run_eagerly": false,
      "steps_per_execution": 1,
      "jit_compile": false,
      "optimizer_config": {
        "class_name": "Adam",
        "config": {
          "name": "adam",
          "learning_rate": 0.0010000000474974513,
          "weight_decay": null,
          "clipnorm": null,
          "global_clipnorm": null,
          "clipvalue": null,
          "use_ema": false,
          "ema_momentum": 0.99,
          "ema_overwrite_frequency": null,
          "loss_scale_factor": null,
          "gradient_accumulation_steps": null,
          "beta_1": 0.9,
          "beta_2": 0.999,
          "epsilon": 1e-07,
          "amsgrad": false
        }
      }
    }
  },
  "weightsManifest": [
    {
      "paths": [
        "group1-shard1of1.bin"
      ],
      "weights": [
        {
          "name": "sequential/conv1d/kernel",
          "shape": [
            9,
            1,
            16
          ],
          "dtype": "float32"
        },
        {
          "name": "sequential/conv1d/bias",
          "shape": [
            16
          ],
          "dtype": "float32"
        },
        {
          "name": "sequential/conv1d_1/kernel",
          "shape": [
            9,
            16,
            32
          ],
          "dtype": "float32"
        },
        {
          "name": "sequential/conv1d_1/bias",
          "shape": [
            32
          ],
          "dtype": "float32"
        },
        {
          "name": "sequential/conv1d_2/kernel",
          "shape": [
            9,
            32,
            64
          ],
          "dtype": "float32"
        },
        {
          "name": "sequential/conv1d_2/bias",
          "shape": [
            64
          ],
          "dtype": "float32"
        },
        {
          "name": "sequential/dense/kernel",
          "shape": [
            64,
            64
          ],
          "dtype": "float32"
        },
        {
          "name": "sequential/dense/bias",
          "shape": [
            64
          ],
          "dtype": "float32"
        },
        {
          "name": "sequential/dense_1/kernel",
          "shape": [
            64,
            4
          ],
          "dtype": "float32"
        },
        {
          "name": "sequential/dense_1/bias",
          "shape": [
            4
          ],
          "dtype": "float32"
        }
      ]
    }
  ]
}